Control Conversion Rate,Treatment Conversion Rate,Conversion Lift,Z-score,P-value,95% CI Lower,95% CI Upper,Decision
0.08915906788247213,0.1362290227048371,0.04706995482236498,3.324229896393642,0.0008866307331181211,0.01931753724563602,0.07482237239909394,REJECT NULL HYPOTHESIS
